Source,Name,Min salary,Max salary,Currency,Link
HH.ru,Младший инженер PL/SQL,,,,https://hh.ru/vacancy/39422512?query=oracle%20pl/sql
HH.ru,Разработчик PL/SQL,120000.0,150000.0,руб.,https://hh.ru/vacancy/39650419?query=oracle%20pl/sql
HH.ru,Главный специалист-разработчик ПО (Oracle),150000.0,,руб.,https://hh.ru/vacancy/38523461?query=oracle%20pl/sql
HH.ru,Программист (разработчик Oracle),140000.0,200000.0,руб.,https://hh.ru/vacancy/37191593?query=oracle%20pl/sql
HH.ru,Разработчик PL/SQL Oracle (Apex) в медицинскую страховую компанию,130000.0,150000.0,руб.,https://hh.ru/vacancy/39237554?query=oracle%20pl/sql
HH.ru,Разработчик Oracle,100000.0,,руб.,https://hh.ru/vacancy/38218999?query=oracle%20pl/sql
HH.ru,Разработчик PL/SQL,,250000.0,руб.,https://hh.ru/vacancy/39741883?query=oracle%20pl/sql
HH.ru,Разработчик SQL / Программист БД,120000.0,,руб.,https://hh.ru/vacancy/39472706?query=oracle%20pl/sql
HH.ru,Программист Oracle PL/SQL,,,,https://hh.ru/vacancy/38397504?query=oracle%20pl/sql
HH.ru,Oracle Developer - RiskEngine,220000.0,,руб.,https://hh.ru/vacancy/39840469?query=oracle%20pl/sql
HH.ru,Разработчик Oracle (PL/SQL),,,,https://hh.ru/vacancy/39782521?query=oracle%20pl/sql
HH.ru,Ведущий разработчик Oracle Pl/SQL,,,,https://hh.ru/vacancy/39779470?query=oracle%20pl/sql
HH.ru,"ETL Junior specialist (PL/SQL, Informatica, Exadata)",,,,https://hh.ru/vacancy/39388209?query=oracle%20pl/sql
HH.ru,Разработчик Oracle,,,,https://hh.ru/vacancy/39812175?query=oracle%20pl/sql
HH.ru,"Разработчик PL/SQL (СУБД Oracle, ПП Парус)",,,,https://hh.ru/vacancy/39715919?query=oracle%20pl/sql
HH.ru,Аналитик PL\SQL,,,,https://hh.ru/vacancy/37332037?query=oracle%20pl/sql
HH.ru,Разработчик PL\SQL,,,,https://hh.ru/vacancy/36871749?query=oracle%20pl/sql
HH.ru,Middle разработчик PL/SQL,,,,https://hh.ru/vacancy/39777177?query=oracle%20pl/sql
HH.ru,Разработчик  PL/SQL (отчетность),,,,https://hh.ru/vacancy/39521707?query=oracle%20pl/sql
HH.ru,"Разработчик Oracle PL-SQL, Apex",,,,https://hh.ru/vacancy/39796129?query=oracle%20pl/sql
HH.ru,Разработчик Oracle,,,,https://hh.ru/vacancy/39828158?query=oracle%20pl/sql
HH.ru,Разработчик Oracle PL/SQL (АБС Новая Афина),,,,https://hh.ru/vacancy/39822640?query=oracle%20pl/sql
HH.ru,Разработчик PL/SQL (Oracle),,,,https://hh.ru/vacancy/37423151?query=oracle%20pl/sql
HH.ru,Консультант ORACLE,,,,https://hh.ru/vacancy/39261919?query=oracle%20pl/sql
HH.ru,Программист Oracle,,,,https://hh.ru/vacancy/39841994?query=oracle%20pl/sql
HH.ru,Программист SQL,,100000.0,руб.,https://hh.ru/vacancy/39752603?query=oracle%20pl/sql
HH.ru,Руководитель группы (Oracle),,,,https://hh.ru/vacancy/39679919?query=oracle%20pl/sql
HH.ru,Программист-Разработчик Банковских систем (ЦФТ-Банк),150000.0,250000.0,руб.,https://hh.ru/vacancy/39529929?query=oracle%20pl/sql
HH.ru,Ведущий Разработчик Oracle PL/SQL,,,,https://hh.ru/vacancy/38701759?query=oracle%20pl/sql
HH.ru,"ETL Разработчик (PL/SQL, Informatica, Exadata)",,,,https://hh.ru/vacancy/38522188?query=oracle%20pl/sql
HH.ru,Разработчик PL/SQL,,,,https://hh.ru/vacancy/37787599?query=oracle%20pl/sql
HH.ru,Разработчик Oracle,,,,https://hh.ru/vacancy/39807809?query=oracle%20pl/sql
HH.ru,Разработчик Delphi,80000.0,140000.0,руб.,https://hh.ru/vacancy/39801183?query=oracle%20pl/sql
HH.ru,Программист Delphi + Oracle,150000.0,,руб.,https://hh.ru/vacancy/36859239?query=oracle%20pl/sql
HH.ru,Главный инженер разработки (Oracle PL/SQL + JavaScript),,,,https://hh.ru/vacancy/39388868?query=oracle%20pl/sql
HH.ru,Разработчик Pl/SQL (Информационно-аналитический центр),,,,https://hh.ru/vacancy/38769992?query=oracle%20pl/sql
HH.ru,Специалист-разработчик ПО (Oracle),70000.0,,руб.,https://hh.ru/vacancy/37329599?query=oracle%20pl/sql
HH.ru,Разработчик Oracle/ETL,,,,https://hh.ru/vacancy/38222438?query=oracle%20pl/sql
HH.ru,Администратор Oracle,,,,https://hh.ru/vacancy/34811099?query=oracle%20pl/sql
HH.ru,Разработчик Oracle (C++),,,,https://hh.ru/vacancy/39813059?query=oracle%20pl/sql
HH.ru,PL/SQL разработчик,,,,https://hh.ru/vacancy/39688977?query=oracle%20pl/sql
HH.ru,Программист,100000.0,,руб.,https://hh.ru/vacancy/39624185?query=oracle%20pl/sql
HH.ru,Oracle/ ETL разработчик,,,,https://hh.ru/vacancy/37517389?query=oracle%20pl/sql
HH.ru,Разработчик Oracle,,,,https://hh.ru/vacancy/31352367?query=oracle%20pl/sql
HH.ru,Программист Oracle,,,,https://hh.ru/vacancy/39746970?query=oracle%20pl/sql
HH.ru,Senior Oracle Developer,,250000.0,руб.,https://hh.ru/vacancy/38186351?query=oracle%20pl/sql
HH.ru,Разработчик Oracle Hyperion Planning,,,,https://hh.ru/vacancy/39005606?query=oracle%20pl/sql
HH.ru,Разработчик Oracle/C# / Developer Oracle/C#,,,,https://hh.ru/vacancy/38821114?query=oracle%20pl/sql
HH.ru,Администратор БД Oracle/Postgresql,,,,https://hh.ru/vacancy/39205520?query=oracle%20pl/sql
HH.ru,Разработчик PL-SQL,,,,https://hh.ru/vacancy/39388726?query=oracle%20pl/sql
HH.ru,Аналитик данных,,,,https://hh.ru/vacancy/39851771?query=oracle%20pl/sql
HH.ru,Разработчик PL/PlUS (ЦФТ-Банк),,,,https://hh.ru/vacancy/39323392?query=oracle%20pl/sql
HH.ru,Разработчик BI,160000.0,200000.0,руб.,https://hh.ru/vacancy/38408586?query=oracle%20pl/sql
HH.ru,Senior Oracle DBA,,,,https://hh.ru/vacancy/38797555?query=oracle%20pl/sql
HH.ru,Администратор СУБД Oracle,,,,https://hh.ru/vacancy/39209429?query=oracle%20pl/sql
HH.ru,Oracle разработчик,,,,https://hh.ru/vacancy/39715958?query=oracle%20pl/sql
HH.ru,Администратор баз данных Oracle,,,,https://hh.ru/vacancy/39797646?query=oracle%20pl/sql
HH.ru,Разработчик баз данных (PostgreSQL),,,,https://hh.ru/vacancy/39540827?query=oracle%20pl/sql
HH.ru,Разработчик OEBS Oracle E-Business Suite,,,,https://hh.ru/vacancy/39688725?query=oracle%20pl/sql
HH.ru,Программист - математик,,,,https://hh.ru/vacancy/39780731?query=oracle%20pl/sql
HH.ru,"Ведущий специалист Отдела технологического развития (SQL, BI)",110000.0,,руб.,https://hh.ru/vacancy/38878347?query=oracle%20pl/sql
HH.ru,Разработчик (отдел развитие хранилищ данных),,,,https://hh.ru/vacancy/39520143?query=oracle%20pl/sql
HH.ru,Аналитик OEBS/Oracle BPM,,,,https://hh.ru/vacancy/39315574?query=oracle%20pl/sql
HH.ru,Разработчик SQL (Отдел разработки программного обеспечения),,,,https://hh.ru/vacancy/38737223?query=oracle%20pl/sql
HH.ru,Архитектор баз данных,200000.0,250000.0,руб.,https://hh.ru/vacancy/37333913?query=oracle%20pl/sql
HH.ru,Разработчик Oracle,,,,https://hh.ru/vacancy/39713722?query=oracle%20pl/sql
HH.ru,Ведущий разработчик Oracle PL/SQL,,,,https://hh.ru/vacancy/37714513?query=oracle%20pl/sql
HH.ru,Oracle Team lead,,,,https://hh.ru/vacancy/38640458?query=oracle%20pl/sql
HH.ru,Ведущий разработчик СУБД (Oracle / PostgreSQL),,,,https://hh.ru/vacancy/39353842?query=oracle%20pl/sql
HH.ru,Инженер-программист Oracle e-Business Suite,,,,https://hh.ru/vacancy/37576833?query=oracle%20pl/sql
HH.ru,Разработчик PL/SQL (Oracle),,,,https://hh.ru/vacancy/39674315?query=oracle%20pl/sql
HH.ru,Fullstack developer (Oracle + JavaScript),,,,https://hh.ru/vacancy/39791181?query=oracle%20pl/sql
HH.ru,Разработчик ETL,,180000.0,руб.,https://hh.ru/vacancy/39769925?query=oracle%20pl/sql
HH.ru,"Системный аналитик ( SQL, DWH)",,,,https://hh.ru/vacancy/38196849?query=oracle%20pl/sql
HH.ru,"Программист-разработчик Oracle Application Express (APEX), PL/SQL",,150000.0,руб.,https://hh.ru/vacancy/38026309?query=oracle%20pl/sql
HH.ru,Senior Oracle Developer,,,,https://hh.ru/vacancy/39734010?query=oracle%20pl/sql
HH.ru,Java Developer (Единая клиентская база данных),,,,https://hh.ru/vacancy/38883364?query=oracle%20pl/sql
HH.ru,Разработчик Oracle Bi,,,,https://hh.ru/vacancy/39769612?query=oracle%20pl/sql
HH.ru,Разработчик (Oracle),,,,https://hh.ru/vacancy/39704686?query=oracle%20pl/sql
HH.ru,PL + developer,,,,https://hh.ru/vacancy/39715586?query=oracle%20pl/sql
HH.ru,Программист-разработчик (БД для сервисов электронной коммерции),,,,https://hh.ru/vacancy/37617241?query=oracle%20pl/sql
HH.ru,Главный специалист Отдел сопровождения банковских систем (Terrasoft BPM'Online),,,,https://hh.ru/vacancy/38764109?query=oracle%20pl/sql
HH.ru,Разработчик PL/SQL,140000.0,200000.0,руб.,https://hh.ru/vacancy/38378489?query=oracle%20pl/sql
HH.ru,JAVA Разработчик,,,,https://hh.ru/vacancy/37791495?query=oracle%20pl/sql
HH.ru,Разработчик,,,,https://hh.ru/vacancy/39266912?query=oracle%20pl/sql
HH.ru,Программист / Разработчик банковских систем,,,,https://hh.ru/vacancy/39384553?query=oracle%20pl/sql
HH.ru,Разработчик DWH/BI,,,,https://hh.ru/vacancy/38530142?query=oracle%20pl/sql
HH.ru,Аналитик БД (Oracle),,,,https://hh.ru/vacancy/39704694?query=oracle%20pl/sql
HH.ru,Программист Java,100000.0,170000.0,руб.,https://hh.ru/vacancy/39728644?query=oracle%20pl/sql
HH.ru,Разработчик PL/SQL БД Oracle,,,,https://hh.ru/vacancy/38943591?query=oracle%20pl/sql
HH.ru,Разработчик Oracle PL-SQL,,,,https://hh.ru/vacancy/39621127?query=oracle%20pl/sql
HH.ru,Разработчик Oracle Pl/SQL.,,,,https://hh.ru/vacancy/38981873?query=oracle%20pl/sql
HH.ru,Разработчик ETL (на проект),,,,https://hh.ru/vacancy/38598457?query=oracle%20pl/sql
HH.ru,Разработчик ЦФТ,,,,https://hh.ru/vacancy/39762629?query=oracle%20pl/sql
HH.ru,Разработчик Oracle PL/SQL,,,,https://hh.ru/vacancy/39574547?query=oracle%20pl/sql
HH.ru,Разработчик ‎Oracle PL/SQL,100000.0,170000.0,руб.,https://hh.ru/vacancy/39395126?query=oracle%20pl/sql
HH.ru,"Администратор баз данных PostgreSQL,ORACLE,PL/SQL",,,,https://hh.ru/vacancy/39108442?query=oracle%20pl/sql
HH.ru,Администратор баз данных,,,,https://hh.ru/vacancy/38500123?query=oracle%20pl/sql
HH.ru,Младший разработчик PL/SQL,,,,https://hh.ru/vacancy/39493963?query=oracle%20pl/sql
HH.ru,Oracle DBA,,,,https://hh.ru/vacancy/38659475?query=oracle%20pl/sql
HH.ru,Аналитик данных в Отдел управленческой аналитики,,,,https://hh.ru/vacancy/39715561?query=oracle%20pl/sql
HH.ru,Технолог / разработчик Oracle Pl/SQL (Департамент риск-менеджмента),,,,https://hh.ru/vacancy/38654234?query=oracle%20pl/sql
HH.ru,Ведущий PL/SQL Developer,,,,https://hh.ru/vacancy/39596366?query=oracle%20pl/sql
HH.ru,Разработчик PL/SQL,,,,https://hh.ru/vacancy/39360484?query=oracle%20pl/sql
HH.ru,Программист Oracle Forms 6i,,,,https://hh.ru/vacancy/34474554?query=oracle%20pl/sql
HH.ru,Инженер-разработчик PL/SQL,,,,https://hh.ru/vacancy/38593712?query=oracle%20pl/sql
HH.ru,Разработчик PL/SQL,,200000.0,руб.,https://hh.ru/vacancy/39239096?query=oracle%20pl/sql
HH.ru,Администратор баз данных Oracle,,,,https://hh.ru/vacancy/39070585?query=oracle%20pl/sql
HH.ru,Ведущий разработчик PL/SQL,,,,https://hh.ru/vacancy/39532789?query=oracle%20pl/sql
HH.ru,Программист Oracle BI,75000.0,90000.0,руб.,https://hh.ru/vacancy/37492061?query=oracle%20pl/sql
HH.ru,Разработчик PL/SQL,90000.0,170000.0,руб.,https://hh.ru/vacancy/39406981?query=oracle%20pl/sql
HH.ru,Программист (Oracle/PL/SQL),,,,https://hh.ru/vacancy/39425530?query=oracle%20pl/sql
HH.ru,"Разработчик Oracle, Oracle Golden Gate",,,,https://hh.ru/vacancy/39662406?query=oracle%20pl/sql
HH.ru,Разработчик PL/SQL,,,,https://hh.ru/vacancy/38777384?query=oracle%20pl/sql
HH.ru,Главный разработчик Oracle (Way4),,,,https://hh.ru/vacancy/38952381?query=oracle%20pl/sql
HH.ru,Программист-разработчик SQL,100000.0,,руб.,https://hh.ru/vacancy/39131665?query=oracle%20pl/sql
HH.ru,Разработчик SQL,,,,https://hh.ru/vacancy/39041392?query=oracle%20pl/sql
HH.ru,"Прикладной разработчик Oracle,SQL,PL/SQL",,,,https://hh.ru/vacancy/34500595?query=oracle%20pl/sql
HH.ru,Программист APEX PL/SQL,,,,https://hh.ru/vacancy/39472622?query=oracle%20pl/sql
HH.ru,Oracle Developer (DWH),,,,https://hh.ru/vacancy/39571570?query=oracle%20pl/sql
HH.ru,Администратор баз данных Oracle,,,,https://hh.ru/vacancy/38070406?query=oracle%20pl/sql
HH.ru,C# разработчик,120000.0,150000.0,руб.,https://hh.ru/vacancy/39525397?query=oracle%20pl/sql
HH.ru,Ведущий разработчик DWH Департамента аналитических систем,,,,https://hh.ru/vacancy/29676759?query=oracle%20pl/sql
HH.ru,Разработчик DWH,,,,https://hh.ru/vacancy/39621117?query=oracle%20pl/sql
HH.ru,Разработчик банковских систем (Oracle PL/SQL),,,,https://hh.ru/vacancy/36987087?query=oracle%20pl/sql
HH.ru,Разработчик баз данных (senior),,,,https://hh.ru/vacancy/27775340?query=oracle%20pl/sql
HH.ru,Ведущий разработчик Oracle PL/SQL,,,,https://hh.ru/vacancy/39328563?query=oracle%20pl/sql
HH.ru,Администратор Oracle,,,,https://hh.ru/vacancy/39582675?query=oracle%20pl/sql
HH.ru,Data Qality Аналитик,,,,https://hh.ru/vacancy/39650666?query=oracle%20pl/sql
HH.ru,Разработчик Delphi,90000.0,140000.0,руб.,https://hh.ru/vacancy/39527228?query=oracle%20pl/sql
HH.ru,Разработчик PL/SQL Oracle,,,,https://hh.ru/vacancy/39261914?query=oracle%20pl/sql
HH.ru,Разработчик C#,,,,https://hh.ru/vacancy/37511803?query=oracle%20pl/sql
HH.ru,Разработчик ETL,,,,https://hh.ru/vacancy/39614283?query=oracle%20pl/sql
HH.ru,"ETL - разработчик (Hadoop, Oracle)",,,,https://hh.ru/vacancy/39658751?query=oracle%20pl/sql
HH.ru,Разработчик PL/SQL,,,,https://hh.ru/vacancy/38779067?query=oracle%20pl/sql
HH.ru,Разработчик PL/SQL,,,,https://hh.ru/vacancy/38825459?query=oracle%20pl/sql
HH.ru,Разработчик PL/SQL,,,,https://hh.ru/vacancy/39327236?query=oracle%20pl/sql
HH.ru,Программист Oracle,110000.0,,руб.,https://hh.ru/vacancy/39334924?query=oracle%20pl/sql
HH.ru,Разработчик Oracle,,,,https://hh.ru/vacancy/38839127?query=oracle%20pl/sql
HH.ru,Специалист по разработке баз данных (разработчик БД),100000.0,,руб.,https://hh.ru/vacancy/39082007?query=oracle%20pl/sql
HH.ru,Программист-разработчик PL\SQL (АБС ЦФТ),,,,https://hh.ru/vacancy/39487130?query=oracle%20pl/sql
HH.ru,Специалист по информационным системам,75000.0,,руб.,https://hh.ru/vacancy/39571844?query=oracle%20pl/sql
HH.ru,Аналитик PL/SQL,,,,https://hh.ru/vacancy/39306125?query=oracle%20pl/sql
HH.ru,Разработчик баз данных,,,,https://hh.ru/vacancy/39570642?query=oracle%20pl/sql
HH.ru,Ведущий разработчик PL/SQL / Бухгалтерия,,,,https://hh.ru/vacancy/38446587?query=oracle%20pl/sql
HH.ru,Oracle DBA,,,,https://hh.ru/vacancy/39372087?query=oracle%20pl/sql
HH.ru,Разработчик Oracle BPM,,,,https://hh.ru/vacancy/33742050?query=oracle%20pl/sql
HH.ru,Программист-разработчик (Oracle/Java),,,,https://hh.ru/vacancy/34381338?query=oracle%20pl/sql
HH.ru,Аналитик SQL/ Главный специалист,,,,https://hh.ru/vacancy/39281132?query=oracle%20pl/sql
HH.ru,Разработчик,,,,https://hh.ru/vacancy/39575974?query=oracle%20pl/sql
HH.ru,Разработчик ЦФТ,,,,https://hh.ru/vacancy/39585670?query=oracle%20pl/sql
HH.ru,Старший разработчик Oracle,,,,https://hh.ru/vacancy/38871177?query=oracle%20pl/sql
HH.ru,DBA / Администратор баз данных,,,,https://hh.ru/vacancy/39571909?query=oracle%20pl/sql
HH.ru,Разработчик DWH и BI (Oracle),,,,https://hh.ru/vacancy/39483527?query=oracle%20pl/sql
HH.ru,Главный разработчик баз данных и хранилища,,,,https://hh.ru/vacancy/39515650?query=oracle%20pl/sql
HH.ru,Разработчик Oracle,,,,https://hh.ru/vacancy/39327293?query=oracle%20pl/sql
HH.ru,Java разработчик,,,,https://hh.ru/vacancy/38866444?query=oracle%20pl/sql
HH.ru,Младший разработчик Oracle,,,,https://hh.ru/vacancy/38729749?query=oracle%20pl/sql
HH.ru,Ведущий консультант Oracle (казначейство),,,,https://hh.ru/vacancy/39363734?query=oracle%20pl/sql
HH.ru,Ведущий администратор Oracle,,,,https://hh.ru/vacancy/39412341?query=oracle%20pl/sql
HH.ru,Системный аналитик (Way4),,,,https://hh.ru/vacancy/38952005?query=oracle%20pl/sql
HH.ru,Разработчик ЦФТ,,,,https://hh.ru/vacancy/38393337?query=oracle%20pl/sql
HH.ru,Разработчик Oracle BI (м.Выставочная),,150000.0,руб.,https://hh.ru/vacancy/39412912?query=oracle%20pl/sql
HH.ru,Ведущий разработчик ЦФТ,,,,https://hh.ru/vacancy/39010924?query=oracle%20pl/sql
HH.ru,Java/фулстек разработчик,180000.0,,руб.,https://hh.ru/vacancy/39374201?query=oracle%20pl/sql
HH.ru,Программист-аналитик,125000.0,,руб.,https://hh.ru/vacancy/39023067?query=oracle%20pl/sql
HH.ru,Разработчик DWH,,,,https://hh.ru/vacancy/39385001?query=oracle%20pl/sql
HH.ru,Senior Oracle Developer,,,,https://hh.ru/vacancy/39350822?query=oracle%20pl/sql
HH.ru,Программист Диасофт,,,,https://hh.ru/vacancy/39411824?query=oracle%20pl/sql
HH.ru,Ведущий программист Oracle,,,,https://hh.ru/vacancy/39262909?query=oracle%20pl/sql
HH.ru,Разработчик ЦХД,,,,https://hh.ru/vacancy/35875293?query=oracle%20pl/sql
HH.ru,Руководитель разработчиков Oracle/C# / Team lead Oracle/C#,,,,https://hh.ru/vacancy/36528257?query=oracle%20pl/sql
HH.ru,Разработчик ЦФТ,,,,https://hh.ru/vacancy/39350219?query=oracle%20pl/sql
HH.ru,Ведущий разработчик Oracle,,,,https://hh.ru/vacancy/39268010?query=oracle%20pl/sql
HH.ru,Программист-разработчик,,,,https://hh.ru/vacancy/39438733?query=oracle%20pl/sql
HH.ru,Back-end разработчик (Java + SQL),,180000.0,руб.,https://hh.ru/vacancy/33443666?query=oracle%20pl/sql
HH.ru,Разработчик OpenText,,,,https://hh.ru/vacancy/39305479?query=oracle%20pl/sql
HH.ru,Разработчик BI (Oracle BI),,,,https://hh.ru/vacancy/39298323?query=oracle%20pl/sql
HH.ru,Разработчик ASP .NET,,,,https://hh.ru/vacancy/39323548?query=oracle%20pl/sql
HH.ru,Стажер / Junior Oracle разработчик,,,,https://hh.ru/vacancy/38543296?query=oracle%20pl/sql
HH.ru,Ведущий специалист-разработчик ПО (Oracle),100000.0,,руб.,https://hh.ru/vacancy/38523380?query=oracle%20pl/sql
HH.ru,Ведущий программист Oracle,,,,https://hh.ru/vacancy/39152007?query=oracle%20pl/sql
HH.ru,Разработчик DWH/ETL,,,,https://hh.ru/vacancy/39403783?query=oracle%20pl/sql
HH.ru,Разработчик DWH,,,,https://hh.ru/vacancy/39042048?query=oracle%20pl/sql
HH.ru,Программист Delphi,,,,https://hh.ru/vacancy/39371202?query=oracle%20pl/sql
HH.ru,Программист Delphi,,,,https://hh.ru/vacancy/39779810?query=oracle%20pl/sql
HH.ru,ETL разработчик [id66561],,,,https://hh.ru/vacancy/39828281?query=oracle%20pl/sql
HH.ru,Junior разработчик C# ASP.NET,,,,https://hh.ru/vacancy/39748895?query=oracle%20pl/sql
HH.ru,Аналитик DWH витрин BI,,,,https://hh.ru/vacancy/38290167?query=oracle%20pl/sql
HH.ru,"Разработчик Delphi, SQL",,,,https://hh.ru/vacancy/39813782?query=oracle%20pl/sql
HH.ru,Разработчик ЦФТ-Банк IBSO,,,,https://hh.ru/vacancy/39811328?query=oracle%20pl/sql
HH.ru,Java разработчик (EJB),,,,https://hh.ru/vacancy/39104692?query=oracle%20pl/sql
HH.ru,Разработчик DWH,,,,https://hh.ru/vacancy/37737690?query=oracle%20pl/sql
HH.ru,DevOps/ Системный администратор Linux/Oracle,,,,https://hh.ru/vacancy/38209622?query=oracle%20pl/sql
HH.ru,Java-программист,,,,https://hh.ru/vacancy/38779681?query=oracle%20pl/sql
HH.ru,Разработчик ЦФТ(IBSO),,,,https://hh.ru/vacancy/37075481?query=oracle%20pl/sql
HH.ru,Разработчик Java,,,,https://hh.ru/vacancy/39647717?query=oracle%20pl/sql
HH.ru,Главный инженер (Oracle Siebel CRM),,,,https://hh.ru/vacancy/37670105?query=oracle%20pl/sql
HH.ru,Аналитик ETL,,,,https://hh.ru/vacancy/39708874?query=oracle%20pl/sql
HH.ru,Разработчик DWH,,,,https://hh.ru/vacancy/39678169?query=oracle%20pl/sql
SuperJob.ru,Администратор баз данных PostgreSQL / Oracle,,,,https://www.superjob.ru/vakansii/administrator-baz-dannyh-postgresql-34646644.html
SuperJob.ru,Специалист-разработчик ПО (Oracle),70000.0,,руб.,https://www.superjob.ru/vakansii/specialist-razrabotchik-po-34279924.html
SuperJob.ru,Программист Oracle,,,,https://www.superjob.ru/vakansii/programmist-oracle-28979754.html
SuperJob.ru,Ведущий специалист-разработчик ПО (Oracle),100000.0,,руб.,https://www.superjob.ru/vakansii/veduschij-specialist-razrabotchik-po-34279958.html
SuperJob.ru,Аналитик РБС,,,,https://www.superjob.ru/vakansii/analitik-rbs-34717258.html
SuperJob.ru,Ведущий инженер в отдел IT,50000.0,,руб.,https://www.superjob.ru/vakansii/veduschij-inzhener-v-otdel-it-34632640.html
SuperJob.ru,Аналитик (Siebel CRM),,,,https://www.superjob.ru/vakansii/analitik-34707832.html
SuperJob.ru,Тестировщик,,,,https://www.superjob.ru/vakansii/testirovschik-34578851.html
SuperJob.ru,Data Engineer (BI инженер),,,,https://www.superjob.ru/vakansii/data-engineer-34726527.html
SuperJob.ru,Технический специалист,,,,https://www.superjob.ru/vakansii/tehnicheskij-specialist-34607139.html
SuperJob.ru,Аналитик ETL,,,,https://www.superjob.ru/vakansii/analitik-etl-34726132.html
SuperJob.ru,Администратор баз данных (DBA) PostgreSQL,,,,https://www.superjob.ru/vakansii/administrator-baz-dannyh-34627834.html
SuperJob.ru,Ведущий программист Python,,,,https://www.superjob.ru/vakansii/veduschij-programmist-python-34760708.html
SuperJob.ru,Системный администратор,80000.0,100000.0,руб.,https://www.superjob.ru/vakansii/sistemnyj-administrator-32123213.html
SuperJob.ru,Разработчик Java,,,,https://www.superjob.ru/vakansii/razrabotchik-java-34590555.html
SuperJob.ru,Ведущий специалист автоматизированного тестирования,120000.0,,руб.,https://www.superjob.ru/vakansii/veduschij-specialist-avtomatizirovannogo-testirovaniya-34767180.html
SuperJob.ru,Государственный гражданский служащий,40000.0,,руб.,https://www.superjob.ru/vakansii/gosudarstvennyj-grazhdanskij-sluzhaschij-33392366.html
SuperJob.ru,Руководитель направления поддержки ДБО для ЮЛ (срочный трудовой договор),,,,https://www.superjob.ru/vakansii/rukovoditel-napravleniya-podderzhki-dbo-dlya-yul-34717203.html
SuperJob.ru,Специалист поддержки РБС,,,,https://www.superjob.ru/vakansii/specialist-podderzhki-rbs-34717201.html
SuperJob.ru,Ведущий специалист направления промышленных платформ,,,,https://www.superjob.ru/vakansii/veduschij-specialist-napravleniya-promyshlennyh-platform-34717122.html
SuperJob.ru,Разработчик DWH / ETL Informatica,,,,https://www.superjob.ru/vakansii/razrabotchik-dwh-34707620.html
